[
	{
		"id": "pw_site_url",
		"type": "enum",
		"label": "Site URL",
		"values": [
			"http://www.primewire.ch", "http://www.primewire.sh", 
			"http://www.primewire.io", "https://primewire.unblocked.bet", "http://primewire.ag", 
			"http://primewire.org", "http://primewire.is", "http://hdmovieas.org"
			],
		"default": "https://primewire.unblocked.bet"
	},
{
    "id": "custom_url",
    "type": "bool",
    "label": "Use Custom Site URL",
    "default": "False"
  },
  {
    "id": "pw_site_url_custom",
    "type": "text",
    "label": "Custom Site URL",
    "default": ""
  },
  {
    "id": "no_bm",
    "type": "bool",
    "label": "Disable Bookmarks",
    "default": "Flase"
  },
  {
    "id": "plextv",
    "label": "Auth Admin through Plex.tv",
    "type": "bool",
    "default": "False"
  }
]
